date,ADANIENT,TATAELXSI,BRITANNIA
2018-01-01 15:35:00+05:30,,,
2018-01-02 15:35:00+05:30,,,
2018-01-03 15:35:00+05:30,5485.0,,
2018-01-04 15:35:00+05:30,5481.0,18.0,
2018-01-05 15:35:00+05:30,5477.0,20.0,
2018-01-08 15:35:00+05:30,5475.0,20.0,
2018-01-09 15:35:00+05:30,5474.0,,
2018-01-10 15:35:00+05:30,5472.0,,
2018-01-11 15:35:00+05:30,5471.0,,4.0
2018-01-12 15:35:00+05:30,,,
2018-01-15 15:35:00+05:30,,368.0,150.0
2018-01-16 15:35:00+05:30,,1014.0,
2018-01-17 15:35:00+05:30,,995.0,
2018-01-18 15:35:00+05:30,-5291.0,995.0,
2018-01-19 15:35:00+05:30,,,223.0
2018-01-22 15:35:00+05:30,-5305.0,976.0,222.0
2018-01-23 15:35:00+05:30,-5315.0,976.0,223.0
2018-01-24 15:35:00+05:30,-5181.0,950.0,
2018-01-25 15:35:00+05:30,,916.0,-217.0
2018-01-29 15:35:00+05:30,,919.0,
2018-01-30 15:35:00+05:30,,919.0,
2018-01-31 15:35:00+05:30,,,
2018-02-01 15:35:00+05:30,4554.0,,2.0
2018-02-02 15:35:00+05:30,-4703.0,-933.0,
2018-02-05 15:35:00+05:30,-4918.0,-981.0,-209.0
2018-02-06 15:35:00+05:30,-5014.0,-1007.0,-215.0
2018-02-07 15:35:00+05:30,-4881.0,-986.0,-212.0
2018-02-08 15:35:00+05:30,,,
2018-02-09 15:35:00+05:30,,,
2018-02-12 15:35:00+05:30,4191.0,,2.0
2018-02-14 15:35:00+05:30,4189.0,9.0,2.0
2018-02-15 15:35:00+05:30,,281.0,
2018-02-16 15:35:00+05:30,,874.0,
2018-02-19 15:35:00+05:30,-4320.0,,
2018-02-20 15:35:00+05:30,-4409.0,,
2018-02-21 15:35:00+05:30,-4562.0,,
2018-02-22 15:35:00+05:30,-4361.0,876.0,181.0
2018-02-23 15:35:00+05:30,-4384.0,885.0,181.0
2018-02-26 15:35:00+05:30,-4416.0,888.0,185.0
2018-02-27 15:35:00+05:30,-4320.0,877.0,182.0
2018-02-28 15:35:00+05:30,-4320.0,881.0,183.0
2018-03-01 15:35:00+05:30,,894.0,
2018-03-05 15:35:00+05:30,,,
2018-03-06 15:35:00+05:30,-4680.0,,
2018-03-07 15:35:00+05:30,-5469.0,-984.0,202.0
2018-03-08 15:35:00+05:30,-6682.0,-751.0,
2018-03-09 15:35:00+05:30,-6746.0,,225.0
2018-03-12 15:35:00+05:30,-7482.0,,236.0
2018-03-13 15:35:00+05:30,-7041.0,,229.0
2018-03-14 15:35:00+05:30,-6463.0,,
2018-03-15 15:35:00+05:30,,,215.0
2018-03-16 15:35:00+05:30,,,215.0
2018-03-19 15:35:00+05:30,-6622.0,-1053.0,
2018-03-20 15:35:00+05:30,-6399.0,-1048.0,
2018-03-21 15:35:00+05:30,,,
2018-03-22 15:35:00+05:30,,,
2018-03-23 15:35:00+05:30,-6369.0,-998.0,
2018-03-26 15:35:00+05:30,,,
2018-03-27 15:35:00+05:30,-5721.0,,188.0
2018-03-28 15:35:00+05:30,-6182.0,,194.0
2018-04-02 15:35:00+05:30,-207.0,47.0,189.0
2018-04-03 15:35:00+05:30,-207.0,56.0,188.0
2018-04-04 15:35:00+05:30,,920.0,
2018-04-05 15:35:00+05:30,,920.0,
2018-04-06 15:35:00+05:30,,920.0,
2018-04-09 15:35:00+05:30,,920.0,
2018-04-10 15:35:00+05:30,,914.0,-184.0
2018-04-11 15:35:00+05:30,,910.0,-184.0
2018-04-12 15:35:00+05:30,-7123.0,909.0,
2018-04-13 15:35:00+05:30,,881.0,
2018-04-16 15:35:00+05:30,,882.0,3.0
2018-04-17 15:35:00+05:30,,882.0,3.0
2018-04-18 15:35:00+05:30,-6807.0,882.0,175.0
2018-04-19 15:35:00+05:30,-6667.0,872.0,177.0
2018-04-20 15:35:00+05:30,-7286.0,878.0,
2018-04-23 15:35:00+05:30,,854.0,
2018-04-24 15:35:00+05:30,-7477.0,854.0,
2018-04-25 15:35:00+05:30,,846.0,
2018-04-26 15:35:00+05:30,-7581.0,845.0,
2018-04-27 15:35:00+05:30,,,123.0
2018-04-30 15:35:00+05:30,,83.0,151.0
2018-05-02 15:35:00+05:30,-7212.0,,175.0
2018-05-03 15:35:00+05:30,-7693.0,,
2018-05-04 15:35:00+05:30,,-818.0,
2018-05-07 15:35:00+05:30,,-874.0,182.0
2018-05-08 15:35:00+05:30,,,
2018-05-09 15:35:00+05:30,-7341.0,,
2018-05-10 15:35:00+05:30,-7551.0,,
2018-05-11 15:35:00+05:30,-7709.0,820.0,179.0
2018-05-14 15:35:00+05:30,-7821.0,,
2018-05-15 15:35:00+05:30,,,
2018-05-16 15:35:00+05:30,,,
2018-05-17 15:35:00+05:30,,800.0,-172.0
2018-05-18 15:35:00+05:30,-8029.0,,168.0
2018-05-21 15:35:00+05:30,-7989.0,,
2018-05-22 15:35:00+05:30,,,163.0
2018-05-23 15:35:00+05:30,-7927.0,773.0,163.0
2018-05-24 15:35:00+05:30,-7517.0,,162.0
2018-05-25 15:35:00+05:30,,10.0,160.0
2018-05-28 15:35:00+05:30,135.0,,160.0
2018-05-29 15:35:00+05:30,,,
2018-05-30 15:35:00+05:30,,753.0,
2018-05-31 15:35:00+05:30,,753.0,
2018-06-01 15:35:00+05:30,-7832.0,,-157.0
2018-06-04 15:35:00+05:30,,,-157.0
2018-06-05 15:35:00+05:30,-8084.0,-802.0,
2018-06-06 15:35:00+05:30,,,
2018-06-07 15:35:00+05:30,4416.0,,60.0
2018-06-08 15:35:00+05:30,7155.0,,
2018-06-11 15:35:00+05:30,7149.0,,
2018-06-12 15:35:00+05:30,7151.0,,
2018-06-13 15:35:00+05:30,7149.0,12.0,
2018-06-14 15:35:00+05:30,7147.0,12.0,
2018-06-15 15:35:00+05:30,,305.0,
2018-06-18 15:35:00+05:30,3561.0,,
2018-06-19 15:35:00+05:30,,703.0,-154.0
2018-06-20 15:35:00+05:30,,696.0,
2018-06-21 15:35:00+05:30,,696.0,
2018-06-22 15:35:00+05:30,,,-154.0
2018-06-25 15:35:00+05:30,,,
2018-06-26 15:35:00+05:30,,,148.0
2018-06-27 15:35:00+05:30,-7931.0,,151.0
2018-06-28 15:35:00+05:30,-8689.0,-752.0,160.0
2018-06-29 15:35:00+05:30,,,155.0
2018-07-02 15:35:00+05:30,-9758.0,,
2018-07-03 15:35:00+05:30,,,
2018-07-04 15:35:00+05:30,-8814.0,-688.0,148.0
2018-07-05 15:35:00+05:30,-8798.0,-692.0,148.0
2018-07-06 15:35:00+05:30,,,140.0
2018-07-09 15:35:00+05:30,,,140.0
2018-07-10 15:35:00+05:30,174.0,2.0,140.0
2018-07-11 15:35:00+05:30,5991.0,97.0,
2018-07-12 15:35:00+05:30,7199.0,,-138.0
2018-07-13 15:35:00+05:30,7135.0,,
2018-07-16 15:35:00+05:30,7132.0,,
2018-07-17 15:35:00+05:30,7125.0,-701.0,
2018-07-18 15:35:00+05:30,7036.0,,-155.0
2018-07-19 15:35:00+05:30,7016.0,-761.0,-164.0
2018-07-20 15:35:00+05:30,6896.0,,-177.0
2018-07-23 15:35:00+05:30,6834.0,-837.0,
2018-07-24 15:35:00+05:30,6796.0,,
2018-07-25 15:35:00+05:30,6423.0,,
2018-07-26 15:35:00+05:30,6426.0,,3.0
2018-07-27 15:35:00+05:30,6437.0,,
2018-07-30 15:35:00+05:30,,,-197.0
2018-07-31 15:35:00+05:30,,,
2018-08-01 15:35:00+05:30,,,
2018-08-02 15:35:00+05:30,,,
2018-08-03 15:35:00+05:30,6021.0,,
2018-08-06 15:35:00+05:30,6022.0,,-189.0
2018-08-07 15:35:00+05:30,,-847.0,-188.0
2018-08-08 15:35:00+05:30,,,-181.0
2018-08-09 15:35:00+05:30,,,
2018-08-10 15:35:00+05:30,,,
2018-08-13 15:35:00+05:30,-5595.0,777.0,
2018-08-14 15:35:00+05:30,,776.0,
2018-08-16 15:35:00+05:30,,776.0,
2018-08-17 15:35:00+05:30,44.0,776.0,2.0
2018-08-20 15:35:00+05:30,4685.0,,26.0
2018-08-21 15:35:00+05:30,4685.0,,26.0
2018-08-23 15:35:00+05:30,,,163.0
2018-08-24 15:35:00+05:30,,-781.0,
2018-08-27 15:35:00+05:30,,,
2018-08-28 15:35:00+05:30,,,161.0
2018-08-29 15:35:00+05:30,4836.0,-792.0,
2018-08-30 15:35:00+05:30,4753.0,,-162.0
2018-08-31 15:35:00+05:30,4721.0,,
2018-09-03 15:35:00+05:30,,706.0,
2018-09-04 15:35:00+05:30,,721.0,-162.0
2018-09-05 15:35:00+05:30,,,-174.0
2018-09-06 15:35:00+05:30,-5422.0,-669.0,-146.0
2018-09-07 15:35:00+05:30,-5919.0,,-150.0
2018-09-10 15:35:00+05:30,-6465.0,,-161.0
2018-09-11 15:35:00+05:30,-6972.0,-779.0,-172.0
2018-09-12 15:35:00+05:30,-7129.0,,
2018-09-14 15:35:00+05:30,-6841.0,,
2018-09-17 15:35:00+05:30,,725.0,
2018-09-18 15:35:00+05:30,,,
2018-09-19 15:35:00+05:30,,,
2018-09-21 15:35:00+05:30,,,-167.0
2018-09-24 15:35:00+05:30,-7419.0,-783.0,-177.0
2018-09-25 15:35:00+05:30,,-809.0,-174.0
2018-09-26 15:35:00+05:30,-7461.0,-849.0,-177.0
2018-09-27 15:35:00+05:30,,-813.0,-169.0
2018-09-28 15:35:00+05:30,-7939.0,-887.0,
2018-10-01 15:35:00+05:30,-7471.0,-878.0,-175.0
2018-10-03 15:35:00+05:30,-6509.0,,-157.0
2018-10-04 15:35:00+05:30,,,-178.0
2018-10-05 15:35:00+05:30,,,-183.0
2018-10-08 15:35:00+05:30,,-943.0,
2018-10-09 15:35:00+05:30,,-1185.0,-207.0
2018-10-10 15:35:00+05:30,7723.0,,
2018-10-11 15:35:00+05:30,,,
2018-10-12 15:35:00+05:30,7447.0,,
2018-10-15 15:35:00+05:30,7488.0,,
2018-10-16 15:35:00+05:30,7476.0,,
2018-10-17 15:35:00+05:30,7473.0,,
2018-10-19 15:35:00+05:30,7468.0,-1300.0,
2018-10-22 15:35:00+05:30,7239.0,,
2018-10-23 15:35:00+05:30,7284.0,-1259.0,-223.0
2018-10-24 15:35:00+05:30,7489.0,-1309.0,-235.0
2018-10-25 15:35:00+05:30,,-1255.0,-225.0
2018-10-26 15:35:00+05:30,-7312.0,-1279.0,
2018-10-29 15:35:00+05:30,,,
2018-10-30 15:35:00+05:30,,,219.0
2018-10-31 15:35:00+05:30,,12.0,219.0
2018-11-01 15:35:00+05:30,,27.0,219.0
2018-11-02 15:35:00+05:30,,,219.0
2018-11-05 15:35:00+05:30,-7258.0,1160.0,216.0
2018-11-06 15:35:00+05:30,-7679.0,,221.0
2018-11-07 15:35:00+05:30,-7690.0,,220.0
2018-11-09 15:35:00+05:30,,,217.0
2018-11-12 15:35:00+05:30,-7649.0,-1243.0,218.0
2018-11-13 15:35:00+05:30,-7580.0,,
2018-11-14 15:35:00+05:30,-7864.0,-1263.0,
2018-11-15 15:35:00+05:30,,,
2018-11-16 15:35:00+05:30,-7540.0,-1250.0,202.0
2018-11-19 15:35:00+05:30,-7251.0,,195.0
2018-11-20 15:35:00+05:30,-7487.0,,
2018-11-21 15:35:00+05:30,-7260.0,,195.0
2018-11-22 15:35:00+05:30,-7473.0,,197.0
2018-11-26 15:35:00+05:30,-7656.0,,200.0
2018-11-27 15:35:00+05:30,-7463.0,,197.0
2018-11-28 15:35:00+05:30,-7597.0,1176.0,396.0
2018-11-29 15:35:00+05:30,6708.0,,-376.0
2018-11-30 15:35:00+05:30,6604.0,1077.0,-358.0
2018-12-03 15:35:00+05:30,6644.0,1070.0,-358.0
2018-12-04 15:35:00+05:30,,1046.0,-353.0
2018-12-05 15:35:00+05:30,,1041.0,-352.0
2018-12-06 15:35:00+05:30,-7235.0,,-366.0
2018-12-07 15:35:00+05:30,,,-364.0
2018-12-10 15:35:00+05:30,-7858.0,-1145.0,-376.0
2018-12-11 15:35:00+05:30,,,-357.0
2018-12-12 15:35:00+05:30,,,-347.0
2018-12-13 15:35:00+05:30,,,
2018-12-14 15:35:00+05:30,,,
2018-12-17 15:35:00+05:30,,,
2018-12-18 15:35:00+05:30,6408.0,-1001.0,
2018-12-19 15:35:00+05:30,6491.0,-1038.0,
2018-12-20 15:35:00+05:30,6437.0,,
2018-12-21 15:35:00+05:30,,-1001.0,-320.0
2018-12-24 15:35:00+05:30,,-1011.0,-323.0
2018-12-26 15:35:00+05:30,-6410.0,-1035.0,-330.0
2018-12-27 15:35:00+05:30,5709.0,,
2018-12-28 15:35:00+05:30,5737.0,,
2018-12-31 15:35:00+05:30,5739.0,18.0,
2019-01-01 15:35:00+05:30,,870.0,
2019-01-02 15:35:00+05:30,,871.0,
2019-01-03 15:35:00+05:30,,870.0,5.0
2019-01-04 15:35:00+05:30,-5719.0,,277.0
2019-01-07 15:35:00+05:30,,-871.0,275.0
2019-01-08 15:35:00+05:30,,-907.0,
2019-01-09 15:35:00+05:30,-5803.0,,
2019-01-10 15:35:00+05:30,,,
2019-01-11 15:35:00+05:30,-5774.0,-909.0,
2019-01-14 15:35:00+05:30,-5912.0,-910.0,
2019-01-15 15:35:00+05:30,-5785.0,,
2019-01-16 15:35:00+05:30,,,-268.0
2019-01-17 15:35:00+05:30,,,
2019-01-18 15:35:00+05:30,-5772.0,,-268.0
2019-01-21 15:35:00+05:30,-5797.0,870.0,-268.0
2019-01-22 15:35:00+05:30,-5829.0,873.0,-267.0
2019-01-23 15:35:00+05:30,-5851.0,866.0,
2019-01-24 15:35:00+05:30,-5856.0,-885.0,
2019-01-25 15:35:00+05:30,-6182.0,-933.0,264.0
2019-01-28 15:35:00+05:30,-6534.0,-1010.0,
2019-01-29 15:35:00+05:30,,-978.0,-271.0
2019-01-30 15:35:00+05:30,-6176.0,-971.0,
2019-01-31 15:35:00+05:30,-6289.0,-991.0,
2019-02-01 15:35:00+05:30,,,254.0
2019-02-04 15:35:00+05:30,-6657.0,,255.0
2019-02-05 15:35:00+05:30,-7001.0,,
2019-02-06 15:35:00+05:30,-7036.0,939.0,
2019-02-07 15:35:00+05:30,,925.0,
2019-02-08 15:35:00+05:30,-6792.0,,-262.0
2019-02-11 15:35:00+05:30,-6970.0,,-267.0
2019-02-12 15:35:00+05:30,-7261.0,-964.0,-284.0
2019-02-13 15:35:00+05:30,,,-297.0
2019-02-14 15:35:00+05:30,,,-301.0
2019-02-15 15:35:00+05:30,7407.0,,-307.0
2019-02-18 15:35:00+05:30,,-1003.0,-294.0
2019-02-19 15:35:00+05:30,7223.0,-996.0,-294.0
2019-02-20 15:35:00+05:30,7080.0,,
2019-02-21 15:35:00+05:30,7080.0,15.0,
2019-02-22 15:35:00+05:30,7075.0,15.0,
2019-02-25 15:35:00+05:30,7067.0,16.0,1.0
2019-02-26 15:35:00+05:30,7061.0,,1.0
2019-02-27 15:35:00+05:30,7061.0,,
2019-02-28 15:35:00+05:30,7061.0,,
2019-03-01 15:35:00+05:30,7061.0,15.0,
2019-03-05 15:35:00+05:30,7057.0,21.0,
2019-03-06 15:35:00+05:30,7060.0,21.0,
2019-03-07 15:35:00+05:30,7060.0,21.0,
2019-03-08 15:35:00+05:30,7060.0,21.0,
2019-03-11 15:35:00+05:30,7061.0,21.0,
2019-03-12 15:35:00+05:30,7054.0,21.0,
2019-03-13 15:35:00+05:30,7056.0,21.0,
2019-03-14 15:35:00+05:30,,,324.0
2019-03-15 15:35:00+05:30,,1044.0,
2019-03-18 15:35:00+05:30,,1043.0,
2019-03-19 15:35:00+05:30,,1043.0,
2019-03-20 15:35:00+05:30,,1047.0,-340.0
2019-03-22 15:35:00+05:30,,1046.0,-333.0
2019-03-25 15:35:00+05:30,-7562.0,,-330.0
2019-03-26 15:35:00+05:30,,,-317.0
2019-03-27 15:35:00+05:30,7169.0,,-319.0
2019-03-28 15:35:00+05:30,7148.0,,-326.0
2019-03-29 15:35:00+05:30,7141.0,21.0,
2019-04-01 15:35:00+05:30,7142.0,21.0,
2019-04-02 15:35:00+05:30,7143.0,1085.0,-354.0
2019-04-03 15:35:00+05:30,7178.0,1088.0,-357.0
2019-04-04 15:35:00+05:30,6983.0,,
2019-04-05 15:35:00+05:30,6984.0,,
2019-04-08 15:35:00+05:30,,,-338.0
2019-04-09 15:35:00+05:30,,,-342.0
2019-04-10 15:35:00+05:30,,1044.0,-340.0
2019-04-11 15:35:00+05:30,-7244.0,,-343.0
2019-04-12 15:35:00+05:30,,,
2019-04-15 15:35:00+05:30,,1003.0,
2019-04-16 15:35:00+05:30,1583.0,,253.0
2019-04-18 15:35:00+05:30,,-1015.0,
2019-04-22 15:35:00+05:30,-7108.0,,
2019-04-23 15:35:00+05:30,-7389.0,,
2019-04-24 15:35:00+05:30,,,
2019-04-25 15:35:00+05:30,,,
2019-04-26 15:35:00+05:30,-7635.0,,
2019-04-30 15:35:00+05:30,-8359.0,1130.0,-364.0
2019-05-02 15:35:00+05:30,-8427.0,-1173.0,-380.0
2019-05-03 15:35:00+05:30,-8744.0,-1272.0,-413.0
2019-05-06 15:35:00+05:30,-9347.0,-1366.0,-442.0
2019-05-07 15:35:00+05:30,-9534.0,,-442.0
2019-05-08 15:35:00+05:30,,,-447.0
2019-05-09 15:35:00+05:30,-10135.0,,
2019-05-10 15:35:00+05:30,,,
2019-05-13 15:35:00+05:30,-9987.0,,
2019-05-14 15:35:00+05:30,9733.0,-1438.0,442.0
2019-05-15 15:35:00+05:30,,,
2019-05-16 15:35:00+05:30,,,402.0
2019-05-17 15:35:00+05:30,,,402.0
2019-05-20 15:35:00+05:30,,,402.0
2019-05-21 15:35:00+05:30,,,402.0
2019-05-22 15:35:00+05:30,141.0,,402.0
2019-05-23 15:35:00+05:30,141.0,,402.0
2019-05-24 15:35:00+05:30,,,402.0
2019-05-27 15:35:00+05:30,,17.0,402.0
2019-05-28 15:35:00+05:30,,24.0,402.0
2019-05-29 15:35:00+05:30,,24.0,402.0
2019-05-30 15:35:00+05:30,,28.0,402.0
2019-05-31 15:35:00+05:30,-7838.0,,406.0
2019-06-03 15:35:00+05:30,,,394.0
2019-06-04 15:35:00+05:30,-7318.0,,387.0
2019-06-06 15:35:00+05:30,-7660.0,,
2019-06-07 15:35:00+05:30,-8009.0,,
2019-06-10 15:35:00+05:30,-8086.0,,403.0
2019-06-11 15:35:00+05:30,-7720.0,1355.0,
2019-06-12 15:35:00+05:30,,,
2019-06-13 15:35:00+05:30,,-1321.0,
2019-06-14 15:35:00+05:30,,,
2019-06-17 15:35:00+05:30,-7307.0,1251.0,-369.0
2019-06-18 15:35:00+05:30,-7690.0,1293.0,-393.0
2019-06-19 15:35:00+05:30,-7905.0,,
2019-06-20 15:35:00+05:30,,,-392.0
2019-06-21 15:35:00+05:30,,,
2019-06-24 15:35:00+05:30,,,-391.0
2019-06-25 15:35:00+05:30,,,
2019-06-26 15:35:00+05:30,,1262.0,-398.0
2019-06-27 15:35:00+05:30,139.0,1255.0,
2019-06-28 15:35:00+05:30,139.0,1254.0,
2019-07-01 15:35:00+05:30,141.0,1254.0,
2019-07-02 15:35:00+05:30,,1253.0,
2019-07-03 15:35:00+05:30,,1253.0,7.0
2019-07-04 15:35:00+05:30,437.0,,384.0
2019-07-05 15:35:00+05:30,,,402.0
2019-07-08 15:35:00+05:30,-8047.0,-1328.0,
2019-07-09 15:35:00+05:30,,-1316.0,-407.0
2019-07-10 15:35:00+05:30,-8026.0,-1318.0,-406.0
2019-07-11 15:35:00+05:30,-7941.0,-1330.0,
2019-07-12 15:35:00+05:30,-7715.0,-1286.0,
2019-07-15 15:35:00+05:30,-8483.0,-1432.0,
2019-07-16 15:35:00+05:30,-8334.0,-1416.0,-419.0
2019-07-17 15:35:00+05:30,-9229.0,-1717.0,
2019-07-18 15:35:00+05:30,-9759.0,-1791.0,463.0
2019-07-19 15:35:00+05:30,-10506.0,-1941.0,
2019-07-22 15:35:00+05:30,-10589.0,-2028.0,-506.0
2019-07-23 15:35:00+05:30,,-2036.0,-504.0
2019-07-24 15:35:00+05:30,-11134.0,-2178.0,-549.0
2019-07-25 15:35:00+05:30,-11545.0,-2265.0,
2019-07-26 15:35:00+05:30,,-2199.0,-537.0
2019-07-29 15:35:00+05:30,,-2249.0,
2019-07-30 15:35:00+05:30,,-2361.0,-563.0
2019-07-31 15:35:00+05:30,,,-573.0
2019-08-01 15:35:00+05:30,,-2432.0,-575.0
2019-08-02 15:35:00+05:30,,-2288.0,-547.0
2019-08-05 15:35:00+05:30,-12043.0,-2431.0,-575.0
2019-08-06 15:35:00+05:30,,,-560.0
2019-08-07 15:35:00+05:30,,,
2019-08-08 15:35:00+05:30,,,
2019-08-09 15:35:00+05:30,,497.0,
2019-08-13 15:35:00+05:30,,-2366.0,-574.0
2019-08-14 15:35:00+05:30,,-2397.0,-584.0
2019-08-16 15:35:00+05:30,,-2340.0,-581.0
2019-08-19 15:35:00+05:30,,,-559.0
2019-08-20 15:35:00+05:30,,,-605.0
2019-08-21 15:35:00+05:30,-11229.0,2347.0,-626.0
2019-08-22 15:35:00+05:30,-11038.0,,
2019-08-23 15:35:00+05:30,,,
2019-08-26 15:35:00+05:30,,,562.0
2019-08-27 15:35:00+05:30,217.0,3.0,561.0
2019-08-28 15:35:00+05:30,,43.0,561.0
2019-08-29 15:35:00+05:30,-11224.0,,554.0
2019-08-30 15:35:00+05:30,,,541.0
2019-09-03 15:35:00+05:30,,,541.0
2019-09-04 15:35:00+05:30,,,
2019-09-05 15:35:00+05:30,,,534.0
2019-09-06 15:35:00+05:30,,2255.0,
2019-09-09 15:35:00+05:30,183.0,2265.0,
2019-09-11 15:35:00+05:30,204.0,2265.0,
2019-09-12 15:35:00+05:30,204.0,2265.0,
2019-09-13 15:35:00+05:30,4804.0,,
2019-09-16 15:35:00+05:30,10088.0,19.0,
2019-09-17 15:35:00+05:30,,,
2019-09-18 15:35:00+05:30,,,-554.0
2019-09-19 15:35:00+05:30,-10203.0,,
2019-09-20 15:35:00+05:30,111.0,,468.0
2019-09-23 15:35:00+05:30,193.0,,467.0
2019-09-24 15:35:00+05:30,193.0,,467.0
2019-09-25 15:35:00+05:30,193.0,,467.0
2019-09-26 15:35:00+05:30,193.0,,467.0
2019-09-27 15:35:00+05:30,,2052.0,
2019-09-30 15:35:00+05:30,,2053.0,
2019-10-01 15:35:00+05:30,-9827.0,,
2019-10-03 15:35:00+05:30,,,-475.0
2019-10-04 15:35:00+05:30,-9890.0,,-490.0
2019-10-07 15:35:00+05:30,,,
2019-10-09 15:35:00+05:30,,-2074.0,444.0
2019-10-10 15:35:00+05:30,,-2257.0,
2019-10-11 15:35:00+05:30,-9970.0,-2168.0,
2019-10-14 15:35:00+05:30,8550.0,,5.0
2019-10-15 15:35:00+05:30,8547.0,,8.0
2019-10-16 15:35:00+05:30,8543.0,41.0,
2019-10-17 15:35:00+05:30,8540.0,41.0,
2019-10-18 15:35:00+05:30,8536.0,,8.0
2019-10-22 15:35:00+05:30,8533.0,,8.0
2019-10-23 15:35:00+05:30,8538.0,,8.0
2019-10-24 15:35:00+05:30,8535.0,,8.0
2019-10-25 15:35:00+05:30,8531.0,21.0,
2019-10-29 15:35:00+05:30,8523.0,41.0,
2019-10-30 15:35:00+05:30,8525.0,41.0,
2019-10-31 15:35:00+05:30,8522.0,41.0,
2019-11-01 15:35:00+05:30,8523.0,41.0,
2019-11-04 15:35:00+05:30,8526.0,2051.0,-526.0
2019-11-05 15:35:00+05:30,8406.0,,-519.0
2019-11-06 15:35:00+05:30,8363.0,,-538.0
2019-11-07 15:35:00+05:30,8431.0,,-550.0
2019-11-08 15:35:00+05:30,8486.0,,-559.0
2019-11-11 15:35:00+05:30,8581.0,,-575.0
2019-11-13 15:35:00+05:30,-8025.0,-1997.0,487.0
2019-11-14 15:35:00+05:30,,-1969.0,
2019-11-15 15:35:00+05:30,,-2.0,
2019-11-18 15:35:00+05:30,,-1954.0,
2019-11-19 15:35:00+05:30,,1796.0,-466.0
2019-11-20 15:35:00+05:30,7127.0,,-470.0
2019-11-21 15:35:00+05:30,7160.0,,-477.0
2019-11-22 15:35:00+05:30,,-1766.0,-480.0
2019-11-25 15:35:00+05:30,7040.0,,-495.0
2019-11-26 15:35:00+05:30,,,
2019-11-27 15:35:00+05:30,,1842.0,9.0
2019-11-28 15:35:00+05:30,6843.0,,
2019-11-29 15:35:00+05:30,6827.0,37.0,
2019-12-02 15:35:00+05:30,,,
2019-12-03 15:35:00+05:30,,,
2019-12-04 15:35:00+05:30,,,
2019-12-05 15:35:00+05:30,,1689.0,
2019-12-06 15:35:00+05:30,,,
2019-12-09 15:35:00+05:30,,1634.0,
2019-12-10 15:35:00+05:30,,1634.0,
2019-12-11 15:35:00+05:30,,,-451.0
2019-12-12 15:35:00+05:30,5595.0,265.0,
2019-12-13 15:35:00+05:30,6569.0,1610.0,-456.0
2019-12-16 15:35:00+05:30,,1599.0,-436.0
2019-12-17 15:35:00+05:30,121.0,1594.0,
2019-12-18 15:35:00+05:30,,1593.0,
2019-12-19 15:35:00+05:30,,1594.0,7.0
2019-12-20 15:35:00+05:30,,1593.0,9.0
2019-12-23 15:35:00+05:30,,1593.0,
2019-12-24 15:35:00+05:30,,,
2019-12-26 15:35:00+05:30,,-1641.0,
2019-12-27 15:35:00+05:30,,,
2019-12-30 15:35:00+05:30,-6469.0,,
2019-12-31 15:35:00+05:30,,,
2020-01-01 15:35:00+05:30,,,
2020-01-02 15:35:00+05:30,4597.0,,133.0
2020-01-03 15:35:00+05:30,,1594.0,
2020-01-06 15:35:00+05:30,-6634.0,,-438.0
2020-01-07 15:35:00+05:30,,,
2020-01-08 15:35:00+05:30,,,
2020-01-09 15:35:00+05:30,,,-426.0
2020-01-10 15:35:00+05:30,,1524.0,-432.0
2020-01-13 15:35:00+05:30,126.0,1508.0,
2020-01-14 15:35:00+05:30,130.0,1507.0,
2020-01-15 15:35:00+05:30,130.0,1506.0,
2020-01-16 15:35:00+05:30,130.0,1506.0,
2020-01-17 15:35:00+05:30,1336.0,,72.0
2020-01-20 15:35:00+05:30,3232.0,,229.0
2020-01-21 15:35:00+05:30,,,
2020-01-22 15:35:00+05:30,6220.0,,
2020-01-23 15:35:00+05:30,6201.0,26.0,-459.0
2020-01-24 15:35:00+05:30,6002.0,1299.0,-383.0
2020-01-27 15:35:00+05:30,5953.0,,-96.0
2020-01-28 15:35:00+05:30,5966.0,,7.0
2020-01-29 15:35:00+05:30,5953.0,-1489.0,432.0
2020-01-30 15:35:00+05:30,5842.0,-1389.0,417.0
2020-01-31 15:35:00+05:30,5896.0,-1389.0,415.0
2020-02-03 15:35:00+05:30,,,391.0
2020-02-04 15:35:00+05:30,107.0,,396.0
2020-02-05 15:35:00+05:30,119.0,,396.0
2020-02-06 15:35:00+05:30,119.0,,396.0
2020-02-07 15:35:00+05:30,119.0,,396.0
2020-02-10 15:35:00+05:30,3478.0,409.0,
2020-02-11 15:35:00+05:30,5176.0,1183.0,-408.0
2020-02-12 15:35:00+05:30,5080.0,,
2020-02-13 15:35:00+05:30,5078.0,15.0,
2020-02-14 15:35:00+05:30,5077.0,,
2020-02-17 15:35:00+05:30,5078.0,-1302.0,
2020-02-18 15:35:00+05:30,,-1372.0,-425.0
2020-02-19 15:35:00+05:30,,,-393.0
2020-02-20 15:35:00+05:30,4721.0,,-393.0
2020-02-24 15:35:00+05:30,,,-397.0
2020-02-25 15:35:00+05:30,,,
2020-02-26 15:35:00+05:30,,-1246.0,394.0
2020-02-27 15:35:00+05:30,-5291.0,-1331.0,
2020-02-28 15:35:00+05:30,-6219.0,-1548.0,-461.0
2020-03-02 15:35:00+05:30,,,-414.0
2020-03-03 15:35:00+05:30,,,
2020-03-04 15:35:00+05:30,,,
2020-03-05 15:35:00+05:30,,,399.0
2020-03-06 15:35:00+05:30,,,399.0
2020-03-09 15:35:00+05:30,-5973.0,-1302.0,-401.0
2020-03-11 15:35:00+05:30,-5809.0,,-382.0
2020-03-12 15:35:00+05:30,-8368.0,-1575.0,-492.0
2020-03-13 15:35:00+05:30,-10430.0,-1880.0,-562.0
2020-03-16 15:35:00+05:30,-14895.0,-2571.0,-738.0
2020-03-17 15:35:00+05:30,-15236.0,-2747.0,-758.0
2020-03-18 15:35:00+05:30,-18387.0,-3488.0,-933.0
2020-03-19 15:35:00+05:30,-22459.0,-4797.0,-1193.0
2020-03-20 15:35:00+05:30,-20077.0,-4567.0,
2020-03-23 15:35:00+05:30,-24772.0,-5556.0,-1390.0
2020-03-24 15:35:00+05:30,,-4922.0,
2020-03-25 15:35:00+05:30,-14674.0,-1464.0,
2020-03-26 15:35:00+05:30,,,975.0
2020-03-27 15:35:00+05:30,,3766.0,
2020-03-30 15:35:00+05:30,,,
2020-03-31 15:35:00+05:30,,,894.0
2020-04-01 15:35:00+05:30,,,
2020-04-03 15:35:00+05:30,,,
2020-04-07 15:35:00+05:30,,,821.0
2020-04-08 15:35:00+05:30,326.0,,821.0
2020-04-09 15:35:00+05:30,326.0,,821.0
2020-04-13 15:35:00+05:30,-7038.0,678.0,
2020-04-15 15:35:00+05:30,,3176.0,
2020-04-16 15:35:00+05:30,,,409.0
2020-04-17 15:35:00+05:30,,,790.0
2020-04-20 15:35:00+05:30,247.0,,790.0
2020-04-21 15:35:00+05:30,,61.0,789.0
2020-04-22 15:35:00+05:30,,66.0,788.0
2020-04-23 15:35:00+05:30,,70.0,787.0
2020-04-24 15:35:00+05:30,,70.0,787.0
2020-04-27 15:35:00+05:30,,70.0,787.0
2020-04-28 15:35:00+05:30,10137.0,1379.0,
2020-04-29 15:35:00+05:30,,3024.0,
2020-04-30 15:35:00+05:30,318.0,3024.0,
2020-05-04 15:35:00+05:30,-17766.0,,
2020-05-05 15:35:00+05:30,,,-765.0
2020-05-06 15:35:00+05:30,,,
2020-05-07 15:35:00+05:30,,,-778.0
2020-05-08 15:35:00+05:30,322.0,2770.0,
2020-05-11 15:35:00+05:30,322.0,2771.0,
2020-05-12 15:35:00+05:30,,2770.0,
2020-05-13 15:35:00+05:30,321.0,2768.0,
2020-05-14 15:35:00+05:30,,,684.0
2020-05-15 15:35:00+05:30,10746.0,-2752.0,672.0
2020-05-18 15:35:00+05:30,,-2620.0,646.0
2020-05-19 15:35:00+05:30,,-463.0,641.0
2020-05-20 15:35:00+05:30,203.0,,642.0
2020-05-21 15:35:00+05:30,,-1198.0,642.0
2020-05-22 15:35:00+05:30,,,641.0
2020-05-26 15:35:00+05:30,266.0,-1054.0,641.0
2020-05-27 15:35:00+05:30,14859.0,-2787.0,650.0
2020-05-28 15:35:00+05:30,15196.0,-2788.0,649.0
2020-05-29 15:35:00+05:30,15113.0,-2777.0,649.0
2020-06-01 15:35:00+05:30,15073.0,-2765.0,649.0
2020-06-02 15:35:00+05:30,14442.0,-2551.0,625.0
2020-06-03 15:35:00+05:30,14442.0,-2551.0,625.0
2020-06-04 15:35:00+05:30,14426.0,-2534.0,616.0
2020-06-05 15:35:00+05:30,14145.0,40.0,
2020-06-08 15:35:00+05:30,14142.0,46.0,
2020-06-09 15:35:00+05:30,14148.0,46.0,
2020-06-10 15:35:00+05:30,14155.0,46.0,
2020-06-11 15:35:00+05:30,14160.0,46.0,
2020-06-12 15:35:00+05:30,,,
2020-06-15 15:35:00+05:30,,,
2020-06-16 15:35:00+05:30,,,
2020-06-17 15:35:00+05:30,,,630.0
2020-06-18 15:35:00+05:30,,,
2020-06-19 15:35:00+05:30,10326.0,709.0,
2020-06-22 15:35:00+05:30,10333.0,709.0,
2020-06-23 15:35:00+05:30,10333.0,709.0,
2020-06-24 15:35:00+05:30,10333.0,709.0,
2020-06-25 15:35:00+05:30,10333.0,709.0,
2020-06-26 15:35:00+05:30,10333.0,709.0,
2020-06-29 15:35:00+05:30,,1590.0,245.0
2020-06-30 15:35:00+05:30,,1590.0,245.0
2020-07-01 15:35:00+05:30,,1591.0,
2020-07-02 15:35:00+05:30,289.0,2495.0,
2020-07-03 15:35:00+05:30,289.0,2496.0,
2020-07-06 15:35:00+05:30,289.0,2496.0,
2020-07-07 15:35:00+05:30,289.0,2496.0,
2020-07-08 15:35:00+05:30,289.0,2496.0,
2020-07-09 15:35:00+05:30,289.0,2496.0,
2020-07-10 15:35:00+05:30,,2495.0,6.0
2020-07-13 15:35:00+05:30,-11555.0,,608.0
2020-07-14 15:35:00+05:30,-15654.0,-2648.0,
2020-07-15 15:35:00+05:30,,,
2020-07-16 15:35:00+05:30,,2517.0,
2020-07-17 15:35:00+05:30,,857.0,
2020-07-20 15:35:00+05:30,1608.0,85.0,517.0
2020-07-21 15:35:00+05:30,10051.0,745.0,
2020-07-22 15:35:00+05:30,,2517.0,
2020-07-23 15:35:00+05:30,,2516.0,
2020-07-24 15:35:00+05:30,-12629.0,,
2020-07-27 15:35:00+05:30,-13929.0,,
2020-07-28 15:35:00+05:30,,2319.0,
2020-07-29 15:35:00+05:30,,2411.0,
2020-07-30 15:35:00+05:30,,2410.0,
2020-07-31 15:35:00+05:30,264.0,795.0,
2020-08-03 15:35:00+05:30,12862.0,,
2020-08-04 15:35:00+05:30,12864.0,,
2020-08-05 15:35:00+05:30,12858.0,,10.0
2020-08-06 15:35:00+05:30,12852.0,7.0,10.0
2020-08-07 15:35:00+05:30,12841.0,7.0,10.0
2020-08-10 15:35:00+05:30,12846.0,7.0,10.0
2020-08-11 15:35:00+05:30,12838.0,,
2020-08-12 15:35:00+05:30,12839.0,,-663.0
2020-08-13 15:35:00+05:30,12712.0,,
2020-08-14 15:35:00+05:30,,,
2020-08-17 15:35:00+05:30,,1642.0,
2020-08-18 15:35:00+05:30,68.0,2386.0,
2020-08-19 15:35:00+05:30,68.0,1033.0,
2020-08-20 15:35:00+05:30,10561.0,46.0,
2020-08-21 15:35:00+05:30,10560.0,46.0,
2020-08-24 15:35:00+05:30,10551.0,47.0,
2020-08-25 15:35:00+05:30,10527.0,54.0,
2020-08-26 15:35:00+05:30,,2001.0,-790.0
2020-08-27 15:35:00+05:30,10939.0,2743.0,-824.0
2020-08-28 15:35:00+05:30,10903.0,2759.0,-822.0
2020-08-31 15:35:00+05:30,,,-813.0
2020-09-01 15:35:00+05:30,,,
2020-09-02 15:35:00+05:30,6077.0,1126.0,
2020-09-03 15:35:00+05:30,10412.0,2569.0,-807.0
2020-09-04 15:35:00+05:30,,1199.0,-793.0
2020-09-07 15:35:00+05:30,,2514.0,
2020-09-08 15:35:00+05:30,,2512.0,
2020-09-09 15:35:00+05:30,7889.0,,
2020-09-10 15:35:00+05:30,10635.0,,-834.0
2020-09-11 15:35:00+05:30,10438.0,30.0,
2020-09-14 15:35:00+05:30,10436.0,48.0,
2020-09-15 15:35:00+05:30,10437.0,48.0,
2020-09-16 15:35:00+05:30,10433.0,,13.0
2020-09-17 15:35:00+05:30,10434.0,,
2020-09-18 15:35:00+05:30,10436.0,,
2020-09-21 15:35:00+05:30,,2331.0,-818.0
2020-09-22 15:35:00+05:30,-10845.0,,-844.0
2020-09-23 15:35:00+05:30,,-1538.0,-759.0
2020-09-24 15:35:00+05:30,,-2298.0,-748.0
2020-09-25 15:35:00+05:30,,,
2020-09-28 15:35:00+05:30,8882.0,11.0,
2020-09-29 15:35:00+05:30,,,696.0
2020-09-30 15:35:00+05:30,,,696.0
2020-10-01 15:35:00+05:30,174.0,,696.0
2020-10-05 15:35:00+05:30,174.0,,696.0
2020-10-06 15:35:00+05:30,,1906.0,
2020-10-07 15:35:00+05:30,,1904.0,
2020-10-08 15:35:00+05:30,,1902.0,
2020-10-09 15:35:00+05:30,,,
2020-10-12 15:35:00+05:30,,1852.0,-719.0
2020-10-13 15:35:00+05:30,,,
2020-10-14 15:35:00+05:30,-8502.0,,
2020-10-15 15:35:00+05:30,,,
2020-10-16 15:35:00+05:30,,8.0,681.0
2020-10-19 15:35:00+05:30,170.0,,681.0
2020-10-20 15:35:00+05:30,7593.0,,-689.0
2020-10-21 15:35:00+05:30,7902.0,1614.0,-722.0
2020-10-22 15:35:00+05:30,8017.0,1595.0,-713.0
2020-10-23 15:35:00+05:30,8017.0,1601.0,-713.0
2020-10-26 15:35:00+05:30,,1560.0,-713.0
2020-10-27 15:35:00+05:30,6215.0,,187.0
2020-10-28 15:35:00+05:30,8170.0,-1614.0,
2020-10-29 15:35:00+05:30,8555.0,-1827.0,
2020-10-30 15:35:00+05:30,8322.0,,
2020-11-02 15:35:00+05:30,8348.0,,-834.0
2020-11-03 15:35:00+05:30,8365.0,-1912.0,-845.0
2020-11-04 15:35:00+05:30,7813.0,,
2020-11-05 15:35:00+05:30,,1733.0,
2020-11-06 15:35:00+05:30,,1730.0,10.0
2020-11-09 15:35:00+05:30,,,753.0
2020-11-10 15:35:00+05:30,7384.0,-1779.0,
2020-11-11 15:35:00+05:30,,,-739.0
2020-11-12 15:35:00+05:30,,,
2020-11-13 15:35:00+05:30,6928.0,,
2020-11-17 15:35:00+05:30,6918.0,26.0,
2020-11-18 15:35:00+05:30,6918.0,36.0,
2020-11-19 15:35:00+05:30,6920.0,36.0,
2020-11-20 15:35:00+05:30,6920.0,36.0,
2020-11-23 15:35:00+05:30,6920.0,36.0,
2020-11-24 15:35:00+05:30,6918.0,36.0,
2020-11-25 15:35:00+05:30,,1789.0,
2020-11-26 15:35:00+05:30,6676.0,,-767.0
2020-11-27 15:35:00+05:30,6530.0,33.0,
2020-12-01 15:35:00+05:30,6530.0,33.0,
2020-12-02 15:35:00+05:30,6520.0,36.0,
2020-12-03 15:35:00+05:30,6520.0,,
2020-12-04 15:35:00+05:30,6527.0,,
2020-12-07 15:35:00+05:30,6525.0,33.0,
2020-12-08 15:35:00+05:30,,1597.0,
2020-12-09 15:35:00+05:30,6475.0,,
2020-12-10 15:35:00+05:30,,-1772.0,769.0
2020-12-11 15:35:00+05:30,,-662.0,
2020-12-14 15:35:00+05:30,,,754.0
2020-12-15 15:35:00+05:30,,,
2020-12-16 15:35:00+05:30,,1713.0,
2020-12-17 15:35:00+05:30,,210.0,
2020-12-18 15:35:00+05:30,,,
2020-12-21 15:35:00+05:30,-6444.0,,
2020-12-22 15:35:00+05:30,,1782.0,
2020-12-23 15:35:00+05:30,6737.0,1787.0,-858.0
2020-12-24 15:35:00+05:30,6791.0,1827.0,-885.0
2020-12-28 15:35:00+05:30,7191.0,1910.0,-985.0
2020-12-29 15:35:00+05:30,7222.0,1915.0,-992.0
2020-12-30 15:35:00+05:30,7184.0,1916.0,-987.0
2020-12-31 15:35:00+05:30,7221.0,,-969.0
2021-01-01 15:35:00+05:30,7222.0,1895.0,-990.0
2021-01-04 15:35:00+05:30,7337.0,1921.0,-1020.0
2021-01-05 15:35:00+05:30,7613.0,1928.0,-1064.0
2021-01-06 15:35:00+05:30,7667.0,1912.0,-1062.0
2021-01-07 15:35:00+05:30,7784.0,2021.0,-1125.0
2021-01-08 15:35:00+05:30,7863.0,2001.0,-1142.0
2021-01-11 15:35:00+05:30,8081.0,1970.0,-1142.0
2021-01-12 15:35:00+05:30,7969.0,2011.0,-1142.0
2021-01-13 15:35:00+05:30,7945.0,2001.0,-1142.0
2021-01-14 15:35:00+05:30,8001.0,1998.0,-1142.0
2021-01-15 15:35:00+05:30,8015.0,2000.0,-1140.0
2021-01-18 15:35:00+05:30,,1947.0,
2021-01-19 15:35:00+05:30,91.0,1946.0,14.0
2021-01-20 15:35:00+05:30,91.0,1944.0,17.0
2021-01-21 15:35:00+05:30,2867.0,,1011.0
2021-01-22 15:35:00+05:30,,,1011.0
2021-01-25 15:35:00+05:30,,,
2021-01-27 15:35:00+05:30,,,1409.0
2021-01-28 15:35:00+05:30,,,
2021-01-29 15:35:00+05:30,9800.0,,
2021-02-01 15:35:00+05:30,9797.0,33.0,
2021-02-02 15:35:00+05:30,9787.0,,
2021-02-03 15:35:00+05:30,9784.0,,
2021-02-04 15:35:00+05:30,9775.0,,30.0
2021-02-05 15:35:00+05:30,9773.0,,
2021-02-08 15:35:00+05:30,9764.0,,-1759.0
2021-02-09 15:35:00+05:30,9703.0,41.0,
2021-02-10 15:35:00+05:30,9707.0,,-1833.0
2021-02-11 15:35:00+05:30,9626.0,,
2021-02-12 15:35:00+05:30,9615.0,,-1949.0
2021-02-15 15:35:00+05:30,9572.0,1448.0,-2150.0
2021-02-16 15:35:00+05:30,9729.0,2646.0,-2258.0
2021-02-17 15:35:00+05:30,9654.0,,-2264.0
2021-02-18 15:35:00+05:30,9606.0,,-2320.0
2021-02-19 15:35:00+05:30,9730.0,,-2192.0
2021-02-22 15:35:00+05:30,9687.0,-2902.0,
2021-02-23 15:35:00+05:30,9424.0,,
2021-02-24 15:35:00+05:30,9418.0,,
2021-02-25 15:35:00+05:30,9407.0,,41.0
2021-02-26 15:35:00+05:30,9396.0,-3009.0,
2021-03-01 15:35:00+05:30,9438.0,-3081.0,
2021-03-02 15:35:00+05:30,9624.0,-3219.0,2417.0
2021-03-03 15:35:00+05:30,9804.0,-3534.0,2599.0
2021-03-04 15:35:00+05:30,9267.0,-3099.0,2444.0
2021-03-05 15:35:00+05:30,9249.0,-3040.0,2386.0
2021-03-08 15:35:00+05:30,9259.0,-942.0,
2021-03-09 15:35:00+05:30,9279.0,,
2021-03-10 15:35:00+05:30,,,
2021-03-12 15:35:00+05:30,9121.0,,
2021-03-15 15:35:00+05:30,9121.0,,
2021-03-16 15:35:00+05:30,9122.0,32.0,18.0
2021-03-17 15:35:00+05:30,,2906.0,
2021-03-18 15:35:00+05:30,,,
2021-03-19 15:35:00+05:30,,,
2021-03-22 15:35:00+05:30,3267.0,,1381.0
2021-03-23 15:35:00+05:30,3267.0,,1381.0
2021-03-24 15:35:00+05:30,7754.0,-1362.0,
2021-03-25 15:35:00+05:30,,-2972.0,
2021-03-26 15:35:00+05:30,7678.0,-1274.0,
2021-03-30 15:35:00+05:30,7680.0,,44.0
2021-03-31 15:35:00+05:30,,,2181.0
2021-04-01 15:35:00+05:30,,58.0,2183.0
2021-04-05 15:35:00+05:30,,58.0,2182.0
2021-04-06 15:35:00+05:30,,58.0,2183.0
2021-04-07 15:35:00+05:30,,58.0,2183.0
2021-04-08 15:35:00+05:30,,58.0,2219.0
2021-04-09 15:35:00+05:30,,58.0,2219.0
2021-04-12 15:35:00+05:30,,,2218.0
2021-04-13 15:35:00+05:30,,,
2021-04-15 15:35:00+05:30,,,-2255.0
2021-04-16 15:35:00+05:30,7123.0,,-12.0
2021-04-19 15:35:00+05:30,,,
2021-04-20 15:35:00+05:30,,,
2021-04-22 15:35:00+05:30,7017.0,,
2021-04-23 15:35:00+05:30,7056.0,2534.0,-2245.0
2021-04-26 15:35:00+05:30,7301.0,2708.0,-2435.0
2021-04-27 15:35:00+05:30,7283.0,2741.0,-2458.0
2021-04-28 15:35:00+05:30,7613.0,2758.0,-2590.0
2021-04-29 15:35:00+05:30,7857.0,2771.0,-2687.0
2021-04-30 15:35:00+05:30,8078.0,2753.0,-2747.0
2021-05-03 15:35:00+05:30,8239.0,2849.0,-2843.0
2021-05-04 15:35:00+05:30,8239.0,2849.0,-2843.0
2021-05-05 15:35:00+05:30,8239.0,2849.0,-2843.0
2021-05-06 15:35:00+05:30,8709.0,249.0,-726.0
2021-05-07 15:35:00+05:30,8723.0,,61.0
2021-05-10 15:35:00+05:30,8722.0,-962.0,-3319.0
2021-05-11 15:35:00+05:30,8900.0,-3266.0,-218.0
2021-05-12 15:35:00+05:30,8927.0,-3301.0,
2021-05-14 15:35:00+05:30,-9335.0,-3355.0,3279.0
2021-05-17 15:35:00+05:30,,-847.0,2919.0
2021-05-18 15:35:00+05:30,84.0,,2902.0
2021-05-19 15:35:00+05:30,,57.0,2902.0
2021-05-20 15:35:00+05:30,,,-2911.0
2021-05-21 15:35:00+05:30,,,-2920.0
2021-05-24 15:35:00+05:30,,,-3011.0
2021-05-25 15:35:00+05:30,,,
2021-05-26 15:35:00+05:30,7616.0,,
2021-05-27 15:35:00+05:30,7580.0,57.0,
2021-05-28 15:35:00+05:30,7580.0,57.0,
2021-05-31 15:35:00+05:30,7580.0,57.0,
2021-06-01 15:35:00+05:30,7575.0,,
2021-06-02 15:35:00+05:30,7560.0,,66.0
2021-06-03 15:35:00+05:30,7553.0,,70.0
2021-06-04 15:35:00+05:30,7546.0,,73.0
2021-06-07 15:35:00+05:30,,631.0,2899.0
2021-06-08 15:35:00+05:30,,631.0,2899.0
2021-06-09 15:35:00+05:30,,633.0,2899.0
2021-06-10 15:35:00+05:30,,633.0,2899.0
2021-06-11 15:35:00+05:30,,633.0,2899.0
2021-06-14 15:35:00+05:30,-8001.0,1861.0,357.0
2021-06-15 15:35:00+05:30,-6575.0,2037.0,2819.0
2021-06-16 15:35:00+05:30,-6826.0,241.0,2854.0
2021-06-17 15:35:00+05:30,-8382.0,,3142.0
2021-06-18 15:35:00+05:30,,-2340.0,
2021-06-21 15:35:00+05:30,,-3037.0,1224.0
2021-06-22 15:35:00+05:30,6906.0,-2060.0,65.0
2021-06-23 15:35:00+05:30,,,
2021-06-24 15:35:00+05:30,,,2805.0
2021-06-25 15:35:00+05:30,,1171.0,954.0
2021-06-28 15:35:00+05:30,,2704.0,
2021-06-29 15:35:00+05:30,1369.0,2702.0,-2263.0
2021-06-30 15:35:00+05:30,7458.0,2695.0,-3119.0
2021-07-01 15:35:00+05:30,,118.0,-3148.0
2021-07-02 15:35:00+05:30,,2634.0,-3263.0
2021-07-05 15:35:00+05:30,-8382.0,622.0,-3253.0
2021-07-06 15:35:00+05:30,,,-3193.0
2021-07-07 15:35:00+05:30,,,-3168.0
2021-07-08 15:35:00+05:30,,-1223.0,-3239.0
2021-07-09 15:35:00+05:30,,-581.0,-3226.0
2021-07-12 15:35:00+05:30,,,-3233.0
2021-07-13 15:35:00+05:30,-7926.0,,-3219.0
2021-07-14 15:35:00+05:30,-7874.0,,-3197.0
2021-07-15 15:35:00+05:30,,2485.0,-3214.0
2021-07-16 15:35:00+05:30,-7760.0,,-3147.0
2021-07-19 15:35:00+05:30,,,-3129.0
2021-07-20 15:35:00+05:30,-7664.0,-1839.0,-3067.0
2021-07-22 15:35:00+05:30,-7667.0,-1459.0,-3063.0
2021-07-23 15:35:00+05:30,-7174.0,,-639.0
2021-07-26 15:35:00+05:30,,,2924.0
2021-07-27 15:35:00+05:30,-7275.0,,1597.0
2021-07-28 15:35:00+05:30,,,
2021-07-29 15:35:00+05:30,,1105.0,-2918.0
2021-07-30 15:35:00+05:30,6874.0,516.0,-1004.0
2021-08-02 15:35:00+05:30,6837.0,,51.0
2021-08-03 15:35:00+05:30,6838.0,3.0,51.0
2021-08-04 15:35:00+05:30,,,2754.0
2021-08-05 15:35:00+05:30,,,2739.0
2021-08-06 15:35:00+05:30,,,2740.0
2021-08-09 15:35:00+05:30,,,2739.0
2021-08-10 15:35:00+05:30,,,2739.0
2021-08-11 15:35:00+05:30,,-1364.0,
2021-08-12 15:35:00+05:30,,-1383.0,
2021-08-13 15:35:00+05:30,,,
2021-08-16 15:35:00+05:30,,1511.0,
2021-08-17 15:35:00+05:30,,2189.0,58.0
2021-08-18 15:35:00+05:30,,2189.0,58.0
2021-08-20 15:35:00+05:30,,2189.0,58.0
2021-08-23 15:35:00+05:30,,2189.0,58.0
2021-08-24 15:35:00+05:30,1869.0,,
2021-08-25 15:35:00+05:30,7136.0,35.0,9.0
2021-08-26 15:35:00+05:30,,543.0,9.0
2021-08-27 15:35:00+05:30,,910.0,1596.0
2021-08-30 15:35:00+05:30,839.0,47.0,1664.0
2021-08-31 15:35:00+05:30,2099.0,,1896.0
2021-09-01 15:35:00+05:30,2099.0,,1896.0
2021-09-02 15:35:00+05:30,2099.0,1.0,1896.0
2021-09-03 15:35:00+05:30,2099.0,,1896.0
2021-09-06 15:35:00+05:30,2099.0,,169.0
2021-09-07 15:35:00+05:30,,641.0,1322.0
2021-09-08 15:35:00+05:30,,,
2021-09-09 15:35:00+05:30,,,
2021-09-13 15:35:00+05:30,,990.0,
2021-09-14 15:35:00+05:30,-6899.0,378.0,2552.0
2021-09-15 15:35:00+05:30,,1296.0,702.0
2021-09-16 15:35:00+05:30,,2022.0,
2021-09-17 15:35:00+05:30,,2021.0,
2021-09-20 15:35:00+05:30,-8058.0,2018.0,
2021-09-21 15:35:00+05:30,,,2380.0
2021-09-22 15:35:00+05:30,,,2784.0
2021-09-23 15:35:00+05:30,7104.0,,
2021-09-24 15:35:00+05:30,7607.0,34.0,
2021-09-27 15:35:00+05:30,7602.0,,
2021-09-28 15:35:00+05:30,,,
2021-09-29 15:35:00+05:30,,,
2021-09-30 15:35:00+05:30,,,-2434.0
2021-10-01 15:35:00+05:30,,,-2941.0
2021-10-04 15:35:00+05:30,2466.0,1547.0,-324.0
2021-10-05 15:35:00+05:30,7337.0,,-1033.0
2021-10-06 15:35:00+05:30,,1765.0,50.0
2021-10-07 15:35:00+05:30,149.0,1764.0,
2021-10-08 15:35:00+05:30,1379.0,338.0,
2021-10-11 15:35:00+05:30,7094.0,,
2021-10-12 15:35:00+05:30,,,
2021-10-13 15:35:00+05:30,6888.0,,
2021-10-14 15:35:00+05:30,6882.0,36.0,
2021-10-18 15:35:00+05:30,6884.0,36.0,
2021-10-19 15:35:00+05:30,,1695.0,
2021-10-20 15:35:00+05:30,6581.0,171.0,-2268.0
2021-10-21 15:35:00+05:30,6756.0,,-2912.0
2021-10-22 15:35:00+05:30,,,-2868.0
2021-10-25 15:35:00+05:30,,-1801.0,-2909.0
2021-10-26 15:35:00+05:30,,-664.0,-2254.0
2021-10-27 15:35:00+05:30,6580.0,-1775.0,
2021-10-28 15:35:00+05:30,-6629.0,,-1371.0
2021-10-29 15:35:00+05:30,,,-1696.0
2021-11-01 15:35:00+05:30,,,-2620.0
2021-11-02 15:35:00+05:30,,,-567.0
2021-11-03 15:35:00+05:30,,1508.0,-2113.0
2021-11-04 15:35:00+05:30,,1554.0,-2650.0
2021-11-08 15:35:00+05:30,6171.0,361.0,-1291.0
2021-11-09 15:35:00+05:30,6255.0,,-2819.0
2021-11-10 15:35:00+05:30,6127.0,544.0,-887.0
2021-11-11 15:35:00+05:30,6133.0,544.0,-887.0
2021-11-12 15:35:00+05:30,6179.0,,-156.0
2021-11-15 15:35:00+05:30,6177.0,,
2021-11-16 15:35:00+05:30,,,
2021-11-17 15:35:00+05:30,,1035.0,
2021-11-18 15:35:00+05:30,,,-2569.0
2021-11-22 15:35:00+05:30,,-1696.0,
2021-11-23 15:35:00+05:30,,-1690.0,
2021-11-24 15:35:00+05:30,5838.0,-1093.0,
2021-11-25 15:35:00+05:30,5934.0,-1318.0,
2021-11-26 15:35:00+05:30,,-1755.0,
2021-11-29 15:35:00+05:30,,-1874.0,-1754.0
2021-11-30 15:35:00+05:30,,-1737.0,
2021-12-01 15:35:00+05:30,6042.0,-979.0,
2021-12-02 15:35:00+05:30,5982.0,-108.0,236.0
2021-12-03 15:35:00+05:30,,,2693.0
2021-12-06 15:35:00+05:30,,-1548.0,
2021-12-07 15:35:00+05:30,,-1820.0,
2021-12-08 15:35:00+05:30,5783.0,-1678.0,2774.0
2021-12-09 15:35:00+05:30,5709.0,-1620.0,2763.0
2021-12-10 15:35:00+05:30,5709.0,-1618.0,2762.0
2021-12-13 15:35:00+05:30,5747.0,-776.0,997.0
2021-12-14 15:35:00+05:30,,886.0,-2768.0
2021-12-15 15:35:00+05:30,,,-2763.0
2021-12-16 15:35:00+05:30,,,-2751.0
2021-12-17 15:35:00+05:30,-5914.0,,-2769.0
2021-12-20 15:35:00+05:30,-6634.0,-1917.0,-3039.0
2021-12-21 15:35:00+05:30,,-1822.0,-68.0
2021-12-22 15:35:00+05:30,,-318.0,
2021-12-23 15:35:00+05:30,,,
2021-12-24 15:35:00+05:30,5887.0,,
2021-12-27 15:35:00+05:30,5881.0,-443.0,
2021-12-28 15:35:00+05:30,5856.0,-790.0,614.0
2021-12-29 15:35:00+05:30,979.0,673.0,
2021-12-30 15:35:00+05:30,,1732.0,
2021-12-31 15:35:00+05:30,119.0,1732.0,2.0
2022-01-03 15:35:00+05:30,119.0,1732.0,
2022-01-04 15:35:00+05:30,119.0,1731.0,3.0
2022-01-05 15:35:00+05:30,,1732.0,3.0
2022-01-06 15:35:00+05:30,,544.0,1097.0
2022-01-07 15:35:00+05:30,,-661.0,2759.0
2022-01-10 15:35:00+05:30,,,2694.0
2022-01-11 15:35:00+05:30,,,2693.0
2022-01-12 15:35:00+05:30,,1657.0,
2022-01-13 15:35:00+05:30,,1634.0,
2022-01-14 15:35:00+05:30,,316.0,
2022-01-17 15:35:00+05:30,5496.0,890.0,-1713.0
2022-01-18 15:35:00+05:30,5588.0,1621.0,-2907.0
2022-01-19 15:35:00+05:30,6014.0,1607.0,-3105.0
2022-01-20 15:35:00+05:30,6401.0,1606.0,-3240.0
2022-01-21 15:35:00+05:30,,1591.0,-1236.0
2022-01-24 15:35:00+05:30,-6678.0,,-2791.0
2022-01-25 15:35:00+05:30,,,-3188.0
2022-01-27 15:35:00+05:30,-6593.0,,-3213.0
2022-01-28 15:35:00+05:30,,1503.0,-257.0
2022-01-31 15:35:00+05:30,,1500.0,
2022-02-01 15:35:00+05:30,18.0,1500.0,54.0
2022-02-02 15:35:00+05:30,18.0,55.0,
2022-02-03 15:35:00+05:30,6323.0,,
2022-02-04 15:35:00+05:30,6324.0,,
2022-02-07 15:35:00+05:30,,,-2813.0
2022-02-08 15:35:00+05:30,,15.0,-1634.0
2022-02-09 15:35:00+05:30,,1396.0,
2022-02-10 15:35:00+05:30,3995.0,,
2022-02-11 15:35:00+05:30,,-1026.0,-1469.0
2022-02-14 15:35:00+05:30,-6680.0,-1609.0,-3300.0
2022-02-15 15:35:00+05:30,,-1532.0,-1292.0
2022-02-16 15:35:00+05:30,,-1469.0,
2022-02-17 15:35:00+05:30,,-1517.0,
2022-02-18 15:35:00+05:30,6124.0,-1544.0,
2022-02-21 15:35:00+05:30,,-1591.0,
2022-02-22 15:35:00+05:30,,-1692.0,
2022-02-23 15:35:00+05:30,,-824.0,2886.0
2022-02-24 15:35:00+05:30,-7293.0,-1895.0,
2022-02-25 15:35:00+05:30,,,
2022-02-28 15:35:00+05:30,,,-3068.0
2022-03-02 15:35:00+05:30,,,-3098.0
2022-03-03 15:35:00+05:30,,,
2022-03-04 15:35:00+05:30,,,-3040.0
2022-03-07 15:35:00+05:30,-7079.0,,-3439.0
2022-03-08 15:35:00+05:30,,,-3660.0
2022-03-09 15:35:00+05:30,,1578.0,-3457.0
2022-03-10 15:35:00+05:30,5590.0,1557.0,-2950.0
2022-03-11 15:35:00+05:30,5611.0,1548.0,-2936.0
2022-03-14 15:35:00+05:30,5611.0,1548.0,-2936.0
2022-03-15 15:35:00+05:30,,498.0,-2013.0
2022-03-16 15:35:00+05:30,5165.0,258.0,
2022-03-17 15:35:00+05:30,5165.0,258.0,
2022-03-21 15:35:00+05:30,6091.0,,
2022-03-22 15:35:00+05:30,6033.0,,-3459.0
2022-03-23 15:35:00+05:30,,1451.0,-3565.0
2022-03-24 15:35:00+05:30,,119.0,-3535.0
2022-03-25 15:35:00+05:30,6404.0,1448.0,-3800.0
2022-03-28 15:35:00+05:30,7083.0,1468.0,-4289.0
2022-03-29 15:35:00+05:30,,,-1290.0
2022-03-30 15:35:00+05:30,6610.0,,
2022-03-31 15:35:00+05:30,6610.0,,83.0
2022-04-01 15:35:00+05:30,6609.0,,83.0
2022-04-04 15:35:00+05:30,6609.0,,85.0
2022-04-05 15:35:00+05:30,6606.0,,85.0
2022-04-06 15:35:00+05:30,6604.0,,
2022-04-07 15:35:00+05:30,6607.0,,
2022-04-08 15:35:00+05:30,6604.0,,84.0
2022-04-11 15:35:00+05:30,6603.0,,
2022-04-12 15:35:00+05:30,6557.0,-1697.0,
2022-04-13 15:35:00+05:30,6569.0,,87.0
2022-04-18 15:35:00+05:30,,-1835.0,
2022-04-19 15:35:00+05:30,,-1874.0,
2022-04-20 15:35:00+05:30,5909.0,-379.0,1499.0
2022-04-21 15:35:00+05:30,5909.0,-379.0,1499.0
2022-04-22 15:35:00+05:30,5909.0,-379.0,1499.0
2022-04-25 15:35:00+05:30,6585.0,,
2022-04-26 15:35:00+05:30,6578.0,,
2022-04-27 15:35:00+05:30,,-1845.0,
2022-04-28 15:35:00+05:30,6155.0,-1859.0,
2022-04-29 15:35:00+05:30,,-1845.0,
2022-05-02 15:35:00+05:30,,-1945.0,-1735.0
2022-05-04 15:35:00+05:30,-6488.0,,4333.0
2022-05-05 15:35:00+05:30,,,
2022-05-06 15:35:00+05:30,,-1864.0,
2022-05-09 15:35:00+05:30,-6758.0,-2034.0,
2022-05-10 15:35:00+05:30,-7423.0,-2275.0,
2022-05-11 15:35:00+05:30,-3456.0,-2406.0,
2022-05-12 15:35:00+05:30,-8016.0,-2329.0,-2966.0
2022-05-13 15:35:00+05:30,,1811.0,-497.0
2022-05-16 15:35:00+05:30,,1820.0,
2022-05-17 15:35:00+05:30,77.0,1820.0,41.0
2022-05-18 15:35:00+05:30,77.0,1819.0,41.0
2022-05-19 15:35:00+05:30,,,
2022-05-20 15:35:00+05:30,,948.0,2092.0
2022-05-23 15:35:00+05:30,,948.0,2092.0
2022-05-24 15:35:00+05:30,,948.0,2096.0
2022-05-25 15:35:00+05:30,-7050.0,,4230.0
2022-05-26 15:35:00+05:30,-7960.0,,4429.0
2022-05-27 15:35:00+05:30,-7176.0,1785.0,3288.0
2022-05-30 15:35:00+05:30,,,963.0
2022-05-31 15:35:00+05:30,,803.0,2174.0
2022-06-01 15:35:00+05:30,1385.0,,
2022-06-02 15:35:00+05:30,6593.0,,-3208.0
2022-06-03 15:35:00+05:30,1164.0,,-4102.0
2022-06-06 15:35:00+05:30,6525.0,,-4208.0
2022-06-07 15:35:00+05:30,,,-4543.0
2022-06-08 15:35:00+05:30,,,-4554.0
2022-06-09 15:35:00+05:30,,,-4575.0
2022-06-10 15:35:00+05:30,-7006.0,-1778.0,-4577.0
2022-06-13 15:35:00+05:30,-7651.0,,-4752.0
2022-06-14 15:35:00+05:30,,,-4488.0
2022-06-15 15:35:00+05:30,,,-4447.0
2022-06-16 15:35:00+05:30,,-1916.0,
2022-06-17 15:35:00+05:30,,-1998.0,-4596.0
2022-06-20 15:35:00+05:30,-7691.0,-2146.0,-355.0
2022-06-21 15:35:00+05:30,,,1725.0
2022-06-22 15:35:00+05:30,,,3558.0
2022-06-23 15:35:00+05:30,,,
2022-06-24 15:35:00+05:30,,,3206.0
2022-06-27 15:35:00+05:30,,34.0,4270.0
2022-06-28 15:35:00+05:30,,803.0,1505.0
2022-06-29 15:35:00+05:30,,1817.0,
2022-06-30 15:35:00+05:30,,1817.0,
2022-07-01 15:35:00+05:30,,1818.0,84.0
2022-07-04 15:35:00+05:30,361.0,866.0,171.0
2022-07-05 15:35:00+05:30,3855.0,,
2022-07-06 15:35:00+05:30,6497.0,,77.0
2022-07-07 15:35:00+05:30,6499.0,,77.0
2022-07-08 15:35:00+05:30,6497.0,,77.0
2022-07-11 15:35:00+05:30,6478.0,-1042.0,1448.0
2022-07-12 15:35:00+05:30,6467.0,,
2022-07-13 15:35:00+05:30,6506.0,-1966.0,
2022-07-14 15:35:00+05:30,6579.0,-2009.0,
2022-07-15 15:35:00+05:30,,886.0,917.0
2022-07-18 15:35:00+05:30,1544.0,1442.0,
2022-07-19 15:35:00+05:30,1561.0,1442.0,
2022-07-20 15:35:00+05:30,1564.0,1442.0,
2022-07-21 15:35:00+05:30,1564.0,1442.0,
2022-07-22 15:35:00+05:30,1564.0,1442.0,
2022-07-25 15:35:00+05:30,1564.0,1442.0,
2022-07-26 15:35:00+05:30,1564.0,224.0,
2022-07-27 15:35:00+05:30,6146.0,38.0,
2022-07-28 15:35:00+05:30,6146.0,38.0,
2022-07-29 15:35:00+05:30,6146.0,38.0,
2022-08-01 15:35:00+05:30,6146.0,38.0,
2022-08-02 15:35:00+05:30,6143.0,,-1267.0
2022-08-03 15:35:00+05:30,6161.0,1885.0,-4418.0
2022-08-04 15:35:00+05:30,6182.0,1894.0,-4457.0
2022-08-05 15:35:00+05:30,,1917.0,-4812.0
2022-08-08 15:35:00+05:30,6759.0,1948.0,-5097.0
2022-08-10 15:35:00+05:30,6711.0,1995.0,-5184.0
2022-08-11 15:35:00+05:30,6735.0,1999.0,-5215.0
2022-08-12 15:35:00+05:30,7065.0,2018.0,-5419.0
2022-08-16 15:35:00+05:30,7065.0,2018.0,-5419.0
2022-08-17 15:35:00+05:30,7065.0,2018.0,-5416.0
2022-08-18 15:35:00+05:30,7065.0,2018.0,-5416.0
2022-08-19 15:35:00+05:30,7199.0,,-2955.0
2022-08-22 15:35:00+05:30,7141.0,-2256.0,1262.0
2022-08-23 15:35:00+05:30,,-2244.0,5038.0
2022-08-24 15:35:00+05:30,,,3010.0
2022-08-25 15:35:00+05:30,-6734.0,,
2022-08-26 15:35:00+05:30,,-2192.0,
2022-08-29 15:35:00+05:30,,-2452.0,3103.0
2022-08-30 15:35:00+05:30,6681.0,-2335.0,5737.0
2022-09-01 15:35:00+05:30,6765.0,-2436.0,3004.0
2022-09-02 15:35:00+05:30,6887.0,-2650.0,
2022-09-05 15:35:00+05:30,6786.0,-523.0,
2022-09-06 15:35:00+05:30,6770.0,,-5439.0
2022-09-07 15:35:00+05:30,6664.0,,-3662.0
2022-09-08 15:35:00+05:30,6669.0,,
2022-09-09 15:35:00+05:30,6670.0,,
2022-09-12 15:35:00+05:30,6669.0,52.0,1.0
2022-09-13 15:35:00+05:30,6669.0,52.0,2.0
2022-09-14 15:35:00+05:30,6665.0,,120.0
2022-09-15 15:35:00+05:30,6658.0,,
2022-09-16 15:35:00+05:30,6662.0,,-4475.0
2022-09-19 15:35:00+05:30,6722.0,,-7096.0
2022-09-20 15:35:00+05:30,6638.0,946.0,-2164.0
2022-09-21 15:35:00+05:30,,,3333.0
2022-09-22 15:35:00+05:30,,,6284.0
2022-09-23 15:35:00+05:30,,,6284.0
2022-09-26 15:35:00+05:30,,-2494.0,6288.0
2022-09-27 15:35:00+05:30,,-2893.0,6355.0
2022-09-28 15:35:00+05:30,,-1679.0,6321.0
2022-09-29 15:35:00+05:30,,,6304.0
2022-09-30 15:35:00+05:30,,,6304.0
2022-10-03 15:35:00+05:30,-7427.0,-1298.0,2794.0
2022-10-04 15:35:00+05:30,,-1770.0,
2022-10-06 15:35:00+05:30,,,
2022-10-07 15:35:00+05:30,,,
2022-10-10 15:35:00+05:30,,,
2022-10-11 15:35:00+05:30,,,-1766.0
2022-10-12 15:35:00+05:30,,-1038.0,-6132.0
2022-10-13 15:35:00+05:30,-7111.0,-2544.0,-4924.0
2022-10-14 15:35:00+05:30,,-175.0,-2070.0
2022-10-17 15:35:00+05:30,,-2895.0,-200.0
2022-10-18 15:35:00+05:30,7324.0,-3327.0,-3995.0
2022-10-19 15:35:00+05:30,7277.0,-3278.0,-5314.0
2022-10-20 15:35:00+05:30,7296.0,-3344.0,-712.0
2022-10-21 15:35:00+05:30,,-3306.0,
2022-10-25 15:35:00+05:30,,-3375.0,-2409.0
2022-10-27 15:35:00+05:30,,-3544.0,-4597.0
2022-10-28 15:35:00+05:30,7498.0,-3608.0,-310.0
2022-10-31 15:35:00+05:30,7356.0,-838.0,
2022-11-01 15:35:00+05:30,7335.0,,
2022-11-02 15:35:00+05:30,7334.0,,
2022-11-03 15:35:00+05:30,7333.0,,
2022-11-04 15:35:00+05:30,7326.0,-1637.0,
2022-11-07 15:35:00+05:30,7281.0,-3699.0,6360.0
2022-11-09 15:35:00+05:30,7268.0,-3683.0,6360.0
2022-11-10 15:35:00+05:30,7268.0,-3683.0,6360.0
2022-11-11 15:35:00+05:30,7173.0,-3637.0,6374.0
2022-11-14 15:35:00+05:30,7173.0,-3637.0,6374.0
2022-11-15 15:35:00+05:30,7173.0,-3637.0,6374.0
2022-11-16 15:35:00+05:30,,-2896.0,5053.0
2022-11-17 15:35:00+05:30,,-432.0,301.0
2022-11-18 15:35:00+05:30,,-4123.0,-1832.0
2022-11-21 15:35:00+05:30,-7189.0,-4182.0,-6320.0
2022-11-22 15:35:00+05:30,,-4107.0,-17.0
2022-11-23 15:35:00+05:30,-7270.0,-874.0,
2022-11-24 15:35:00+05:30,-7609.0,-4458.0,2522.0
2022-11-25 15:35:00+05:30,-7463.0,-1942.0,6389.0
2022-11-28 15:35:00+05:30,-7321.0,,2130.0
2022-11-29 15:35:00+05:30,-321.0,,4353.0
2022-11-30 15:35:00+05:30,,84.0,6713.0
2022-12-01 15:35:00+05:30,,84.0,6714.0
2022-12-02 15:35:00+05:30,,84.0,6711.0
2022-12-05 15:35:00+05:30,-7476.0,,4145.0
2022-12-06 15:35:00+05:30,,,2810.0
2022-12-07 15:35:00+05:30,,-709.0,4950.0
2022-12-08 15:35:00+05:30,5314.0,-2312.0,
2022-12-09 15:35:00+05:30,,-1579.0,5.0
2022-12-12 15:35:00+05:30,,-3697.0,3243.0
2022-12-13 15:35:00+05:30,6975.0,-4240.0,93.0
2022-12-14 15:35:00+05:30,6949.0,-2413.0,2402.0
2022-12-15 15:35:00+05:30,7019.0,-323.0,607.0
2022-12-16 15:35:00+05:30,,-4126.0,5343.0
2022-12-19 15:35:00+05:30,,-4546.0,1188.0
2022-12-20 15:35:00+05:30,,-4598.0,5304.0
2022-12-21 15:35:00+05:30,-7500.0,-4748.0,-750.0
2022-12-22 15:35:00+05:30,-7906.0,-5085.0,-5586.0
2022-12-23 15:35:00+05:30,-9347.0,-5861.0,-7905.0
2022-12-26 15:35:00+05:30,-354.0,,-5166.0
2022-12-27 15:35:00+05:30,,,-2411.0
2022-12-28 15:35:00+05:30,,,
2022-12-29 15:35:00+05:30,,,-2127.0
2022-12-30 15:35:00+05:30,,,-4477.0
